<annotation>
	<folder>img</folder>
	<filename>1.jpg</filename>
	<path>D:\study\Object detection_Project\img\1.jpg</path>
	<source>
		<database>Unknown</database>
	</source>
	<size>
		<width>504</width>
		<height>336</height>
		<depth>3</depth>
	</size>
	<segmented>0</segmented>
	<object>
		<name>dog</name>
		<pose>Unspecified</pose>
		<truncated>0</truncated>
		<difficult>0</difficult>
		<bndbox>
			<xmin>174</xmin>
			<ymin>18</ymin>
			<xmax>347</xmax>
			<ymax>171</ymax>
		</bndbox>
	</object>
	<object>
		<name>cat</name>
		<pose>Unspecified</pose>
		<truncated>0</truncated>
		<difficult>0</difficult>
		<bndbox>
			<xmin>126</xmin>
			<ymin>127</ymin>
			<xmax>203</xmax>
			<ymax>205</ymax>
		</bndbox>
	</object>
</annotation>
